2.22044604925031e-16,2.22044604925031e-16,2.22044604925031e-16,2.22044604925031e-16,2.22044604925031e-16,2.22044604925031e-16,2.22044604925031e-16,2.22044604925031e-16,2.22044604925031e-16,2.22044604925031e-16,2.22044604925031e-16,2.22044604925031e-16,2.22044604925031e-16,2.22044604925031e-16,2.22044604925031e-16,2.22044604925031e-16,2.22044604925031e-16,2.22044604925031e-16,2.22044604925031e-16,2.22044604925031e-16,2.22044604925031e-16,2.22044604925031e-16,2.22044604925031e-16,0.140186915886066,0.143540669854632,0.432692307686798,0.439024390238313,1.15942028984031,1.19402985073107,1.64835164833066,1.95652173910552,2.43243243240146,2.51396648041492,2.55681818178563,2.28070175435693,2.40740740737675,1.50943396224493,1.44578313251171,1.01694915252942,0.701754385955977,0.179640718560587,2.22044604925031e-16,0.523255813946826,0.542168674691892,0.545454545447601,0.740740740731309,0.980392156850262,1.00671140938316,1.02739726026089,1.07913669063374,1.15384615383146,0.967741935471549,1.01694915252942,1.02564102562797,2.10526315786793,3.21428571424479,6.77419354830084,9.46153846141799,10.3124999998687,11.2213740456586,11.8705035969712,12.3776223774648,13.5766423355936,12.8571428569791,12.3913043476683,9.40298507450714,6.66666666658178,6.1111111110333,4.16666666661361,3.68421052626888,1.30434782607035
2.22044604925031e-16,2.22044604925031e-16,0.479999999993888,0.31578947368019,0.231660231657282,0.208333333330681,0.211267605631113,0.206896551721504,0.215053763438122,2.22044604925031e-16,2.22044604925031e-16,2.22044604925031e-16,2.22044604925031e-16,2.22044604925031e-16,2.22044604925031e-16,2.22044604925031e-16,2.22044604925031e-16,2.22044604925031e-16,2.22044604925031e-16,2.22044604925031e-16,2.22044604925031e-16,2.22044604925031e-16,2.22044604925031e-16,0.280373831772131,0.717703349273158,2.16346153843399,3.07317073166819,4.4927536231312,5.82089552231395,7.25274725265491,9.29347826075123,11.8378378376871,14.4134078210455,16.0227272725233,17.7192982453884,18.8888888886484,18.3018867922198,16.4457831323207,15.9322033896276,14.9122807015645,13.8323353291652,12.4260355028004,10.8139534882344,8.49397590350631,7.81818181808227,7.03703703694744,7.45098039206199,6.24161073817556,5.54794520540881,4.31654676253496,2.76923076919551,2.41935483867887,2.03389830505885,1.28205128203496,1.31578947366746,0.803571428561197,0.483870967735775,0.461538461532585,0.234374999997016,0.229007633584871,0.215827338126749,0.209790209787539,0.437956204373986,0.451127819543128,0.434782608690116,0.44776119402415,0.444444444438786,0.555555555548482,0.416666666661362,2.22044604925031e-16,2.22044604925031e-16
11.2499999998568,5.21739130428139,4.55999999994194,2.9999999999618,2.89575289571602,3.64583333328691,4.75352112670004,6.93103448267037,9.3548387095583,13.1379310343155,16.3732394364112,18.390804597467,20.6177606174981,24.2914979753992,26.5236051498769,26.3318777289224,25.4260089682861,22.1794871792048,18.7323943659587,16.0975609754048,14.8636363634471,12.8169014082875,9.48113207535098,7.00934579430327,5.74162679418526,3.89423076918118,3.07317073166819,2.46376811591066,1.7910447760966,1.31868131866453,0.815217391293968,0.64864864864039,0.335195530721989,0.34090909090475,0.175438596488994,0.185185185182827,2.22044604925031e-16,2.22044604925031e-16,2.22044604925031e-16,2.22044604925031e-16,2.22044604925031e-16,2.22044604925031e-16,2.22044604925031e-16,2.22044604925031e-16,2.22044604925031e-16,2.22044604925031e-16,2.22044604925031e-16,2.22044604925031e-16,2.22044604925031e-16,2.22044604925031e-16,2.22044604925031e-16,2.22044604925031e-16,2.22044604925031e-16,2.22044604925031e-16,2.22044604925031e-16,2.22044604925031e-16,2.22044604925031e-16,2.22044604925031e-16,2.22044604925031e-16,2.22044604925031e-16,2.22044604925031e-16,2.22044604925031e-16,2.22044604925031e-16,2.22044604925031e-16,2.22044604925031e-16,2.22044604925031e-16,2.22044604925031e-16,2.22044604925031e-16,2.22044604925031e-16,2.22044604925031e-16,2.22044604925031e-16
2.22044604925031e-16,2.22044604925031e-16,2.22044604925031e-16,2.22044604925031e-16,2.22044604925031e-16,2.22044604925031e-16,2.22044604925031e-16,2.22044604925031e-16,2.22044604925031e-16,2.22044604925031e-16,2.22044604925031e-16,0.229885057468337,0.231660231657282,0.242914979753992,0.257510729610455,0.393013100431677,0.5381165919214,1.41025641023845,2.53521126757335,3.80487804873204,3.9545454544951,4.50704225346374,4.95283018861618,6.16822429898688,6.60287081331305,6.77884615375984,6.14634146333637,5.36231884051143,4.32835820890011,3.95604395599358,3.42391304343467,2.91891891888175,1.50837988824895,1.02272727271425,0.877192982444971,0.740740740731309,0.566037735841849,0.722891566255856,0.847457627107854,1.05263157893397,1.07784431136352,1.06508875738289,1.04651162789365,1.08433734938378,1.0909090908952,0.925925925914137,0.980392156850262,1.61073825501305,1.8493150684696,3.02158273377448,3.69230769226068,4.11290322575408,4.83050847451477,4.61538461532585,4.99999999993634,4.82142857136718,3.8709677418862,3.46153846149439,2.34374999997016,1.83206106867896,1.51079136688724,0.839160839150154,0.875912408747971,0.676691729314692,0.869565217380232,0.44776119402415,0.222222222219393,0.277777777774241,0.416666666661362,0.526315789466983,2.22044604925031e-16
2.22044604925031e-16,2.22044604925031e-16,2.22044604925031e-16,2.22044604925031e-16,2.22044604925031e-16,2.22044604925031e-16,0.105633802815557,0.103448275860752,0.430107526876244,1.13793103446827,2.4295774647578,2.87356321835422,4.517374517317,6.80161943311178,8.75536480675547,11.6593886461397,16.547085201583,19.4871794869314,24.5070422532091,26.195121950886,26.8636363632943,28.1690140841484,27.4528301883297,27.1962616818967,25.6937799039791,21.7788461535688,17.5609756095325,13.7681159418537,12.3880597013348,10.3846153844832,8.64130434771606,8.27027027016496,7.20670391052276,6.47727272719025,5.61403508764781,5.74074074066764,5.09433962257664,3.97590361440721,4.91525423722555,4.03508771924687,2.51497005984822,1.77514792897148,2.26744186043625,2.34939759033153,2.90909090905387,2.96296296292524,3.13725490192084,1.81208053688968,1.64383561641743,1.72661870501399,1.84615384613034,0.725806451603662,0.762711864397068,2.22044604925031e-16,2.22044604925031e-16,2.22044604925031e-16,2.22044604925031e-16,2.22044604925031e-16,2.22044604925031e-16,2.22044604925031e-16,2.22044604925031e-16,2.22044604925031e-16,2.22044604925031e-16,0.676691729314692,0.652173913035174,0.671641791036224,0.666666666658178,0.833333333322723,1.24999999998408,2.22044604925031e-16,2.22044604925031e-16
2.22044604925031e-16,2.22044604925031e-16,0.239999999996944,0.157894736840095,0.231660231657282,0.208333333330681,0.211267605631113,0.206896551721504,0.107526881719061,0.103448275860752,0.105633802815557,0.114942528734169,2.22044604925031e-16,2.22044604925031e-16,2.22044604925031e-16,2.22044604925031e-16,2.22044604925031e-16,2.22044604925031e-16,2.22044604925031e-16,2.22044604925031e-16,2.22044604925031e-16,2.22044604925031e-16,2.22044604925031e-16,2.22044604925031e-16,2.22044604925031e-16,0.144230769228933,0.146341463412771,0.144927536230039,0.149253731341383,0.164835164833066,0.163043478258794,0.162162162160098,0.167597765360995,0.170454545452375,2.22044604925031e-16,2.22044604925031e-16,2.22044604925031e-16,2.22044604925031e-16,2.22044604925031e-16,2.22044604925031e-16,2.22044604925031e-16,2.22044604925031e-16,0.174418604648942,0.722891566255856,0.727272727263467,0.740740740731309,0.78431372548021,0.805369127506524,1.23287671231307,2.37410071939423,2.53846153842922,3.14516129028253,3.30508474572063,5.64102564095381,7.10526315780427,8.57142857131943,8.46774193537605,9.46153846141799,8.43749999989257,10.534351144904,11.8705035969712,12.1678321676772,11.3868613137236,10.8270676690351,10.6521739129078,12.089552238652,10.8888888887502,10.8333333331954,8.74999999988859,8.94736842093871,3.91304347821105
2.22044604925031e-16,2.22044604925031e-16,2.22044604925031e-16,2.22044604925031e-16,2.22044604925031e-16,2.22044604925031e-16,2.22044604925031e-16,2.22044604925031e-16,2.22044604925031e-16,2.22044604925031e-16,2.22044604925031e-16,2.22044604925031e-16,2.22044604925031e-16,2.22044604925031e-16,2.22044604925031e-16,2.22044604925031e-16,2.22044604925031e-16,2.22044604925031e-16,2.22044604925031e-16,2.22044604925031e-16,2.22044604925031e-16,2.22044604925031e-16,2.22044604925031e-16,2.22044604925031e-16,2.22044604925031e-16,2.22044604925031e-16,2.22044604925031e-16,2.22044604925031e-16,2.22044604925031e-16,2.22044604925031e-16,2.22044604925031e-16,2.22044604925031e-16,2.22044604925031e-16,2.22044604925031e-16,2.22044604925031e-16,2.22044604925031e-16,2.22044604925031e-16,2.22044604925031e-16,2.22044604925031e-16,2.22044604925031e-16,2.22044604925031e-16,0.177514792897148,0.174418604648942,0.180722891563964,0.181818181815867,0.185185185182827,0.196078431370053,0.201342281876631,0.205479452052178,0.215827338126749,2.22044604925031e-16,2.22044604925031e-16,2.22044604925031e-16,2.22044604925031e-16,2.22044604925031e-16,2.22044604925031e-16,2.22044604925031e-16,2.22044604925031e-16,2.22044604925031e-16,2.22044604925031e-16,2.22044604925031e-16,2.22044604925031e-16,2.22044604925031e-16,2.22044604925031e-16,2.22044604925031e-16,2.22044604925031e-16,2.22044604925031e-16,2.22044604925031e-16,2.22044604925031e-16,2.22044604925031e-16,2.22044604925031e-16
2.22044604925031e-16,0.434782608690116,0.719999999990833,0.631578947360379,0.463320463314564,0.520833333326702,0.845070422524451,0.827586206886014,0.645161290314366,0.931034482746766,0.950704225340008,0.919540229873349,1.62162162160097,2.79352226717091,3.7339055793516,5.24017467242236,7.13004484295854,7.94871794861674,9.71830985903119,11.2682926827834,10.909090908952,11.1267605632386,10.1886792451533,9.95327102791065,8.181818181714,7.35576923067557,6.14634146333637,5.21739130428139,5.07462686560703,5.10989010982505,4.72826086950501,5.35135135128321,4.69273743010785,4.94318181811888,3.85964912275787,4.0740740740222,3.3962264150511,2.16867469876757,2.37288135590199,2.28070175435693,1.25748502992411,1.06508875738289,0.697674418595768,0.722891566255856,0.727272727263467,0.925925925914137,0.980392156850262,0.604026845629893,0.205479452052178,0.215827338126749,0.230769230766293,0.241935483867887,0.254237288132356,0.256410256406992,2.22044604925031e-16,2.22044604925031e-16,2.22044604925031e-16,2.22044604925031e-16,2.22044604925031e-16,2.22044604925031e-16,2.22044604925031e-16,2.22044604925031e-16,2.22044604925031e-16,2.22044604925031e-16,2.22044604925031e-16,2.22044604925031e-16,2.22044604925031e-16,2.22044604925031e-16,2.22044604925031e-16,2.22044604925031e-16,2.22044604925031e-16
2.22044604925031e-16,15.6521739128442,15.8399999997983,17.0526315787302,18.3011583009253,18.7499999997613,17.9577464786446,17.3793103446063,17.0967741933307,16.7586206894418,16.1619718307801,15.4022988503786,14.0154440152656,13.1174089067156,12.7467811157175,13.2314410478665,13.452914798035,13.974358974181,14.7887323941779,15.3658536583409,15.1363636361709,15.3521126758609,15.5660377356509,16.2616822427836,16.2200956935734,16.1538461536405,16.3902439022303,15.7971014490742,15.970149253528,16.6483516481397,18.9130434780201,20.1081081078521,19.4413407818754,20.2840909088326,21.0526315786793,21.8518518515736,23.2075471695158,23.4939759033153,22.881355931912,20.7017543857013,21.0179640715887,21.6568047334521,22.3255813950646,22.7710843370595,21.9999999997199,21.8518518515736,21.3725490193357,20.5369127514164,19.1095890408526,17.2661870501399,14.7692307690427,11.6129032256586,9.40677966089717,6.92307692298877,4.47368421046935,2.67857142853732,2.17741935481099,2.76923076919551,1.40624999998209,1.37404580150922,1.29496402876049,1.67832167830031,1.53284671530895,2.03007518794408,1.95652173910552,2.01492537310867,1.33333333331636,1.66666666664545,0.833333333322723,2.22044604925031e-16,2.22044604925031e-16
2.22044604925031e-16,2.22044604925031e-16,2.22044604925031e-16,0.157894736840095,0.115830115828641,0.104166666665341,0.105633802815557,0.103448275860752,0.107526881719061,0.206896551721504,0.211267605631113,0.114942528734169,0.115830115828641,0.121457489876996,0.128755364805228,0.131004366810559,0.13452914798035,0.128205128203496,2.22044604925031e-16,2.22044604925031e-16,2.22044604925031e-16,0.422535211262226,1.41509433960462,2.66355140183524,3.58851674636579,5.33653846147051,6.43902439016191,7.82608695642209,8.35820895511746,9.39560439548476,9.94565217378641,9.24324324312555,8.37988826804972,7.4999999999045,5.78947368413681,4.81481481475351,3.01886792448986,2.5301204818955,2.20338983048042,1.05263157893397,0.538922155681761,0.177514792897148,0.174418604648942,2.22044604925031e-16,2.22044604925031e-16,2.22044604925031e-16,2.22044604925031e-16,2.22044604925031e-16,2.22044604925031e-16,2.22044604925031e-16,2.22044604925031e-16,2.22044604925031e-16,2.22044604925031e-16,2.22044604925031e-16,2.22044604925031e-16,2.22044604925031e-16,2.22044604925031e-16,2.22044604925031e-16,2.22044604925031e-16,2.22044604925031e-16,2.22044604925031e-16,2.22044604925031e-16,2.22044604925031e-16,2.22044604925031e-16,2.22044604925031e-16,2.22044604925031e-16,2.22044604925031e-16,2.22044604925031e-16,2.22044604925031e-16,2.22044604925031e-16,2.22044604925031e-16
2.22044604925031e-16,11.304347825943,9.59999999987776,6.78947368412408,5.55984555977477,5.20833333326702,3.16901408446669,2.48275862065804,1.61290322578591,1.03448275860752,0.739436619708895,0.804597701139181,0.463320463314564,0.242914979753992,2.22044604925031e-16,2.22044604925031e-16,2.22044604925031e-16,2.22044604925031e-16,2.22044604925031e-16,2.22044604925031e-16,2.22044604925031e-16,2.22044604925031e-16,2.22044604925031e-16,2.22044604925031e-16,2.22044604925031e-16,2.22044604925031e-16,2.22044604925031e-16,2.22044604925031e-16,2.22044604925031e-16,2.22044604925031e-16,2.22044604925031e-16,2.22044604925031e-16,2.22044604925031e-16,2.22044604925031e-16,2.22044604925031e-16,2.22044604925031e-16,2.22044604925031e-16,2.22044604925031e-16,2.22044604925031e-16,2.22044604925031e-16,2.22044604925031e-16,2.22044604925031e-16,2.22044604925031e-16,2.22044604925031e-16,2.22044604925031e-16,2.22044604925031e-16,2.22044604925031e-16,2.22044604925031e-16,0.205479452052178,0.863309352506993,0.92307692306517,0.967741935471549,1.27118644066178,1.28205128203496,1.31578947366746,1.60714285712239,1.69354838707521,1.61538461536405,0.937499999988063,0.916030534339481,0.863309352506993,0.629370629362616,0.656934306560979,0.676691729314692,0.434782608690116,0.223880597012075,0.222222222219393,0.277777777774241,0.416666666661362,0.526315789466983,1.30434782607035
33.7499999995703,27.3913043474773,24.4799999996883,23.2105263154939,22.1235521232704,22.7083333330442,24.5070422532091,24.3103448272767,23.9784946233506,22.6551724135046,22.9225352109757,22.6436781606312,21.1969111966413,20.0404858297043,17.2532188839005,12.9694323142453,9.68609865458519,8.20512820502373,7.46478873229932,5.26829268285975,4.6363636363046,4.366197183043,3.25471698109063,2.66355140183524,2.44019138752874,1.44230769228933,1.31707317071494,0.869565217380233,0.597014925365533,0.329670329666132,0.326086956517587,0.324324324320195,0.167597765360995,0.170454545452375,0.175438596488994,0.185185185182827,0.188679245280617,0.180722891563964,0.169491525421571,2.22044604925031e-16,2.22044604925031e-16,2.22044604925031e-16,2.22044604925031e-16,2.22044604925031e-16,2.22044604925031e-16,2.22044604925031e-16,2.22044604925031e-16,2.22044604925031e-16,2.22044604925031e-16,2.22044604925031e-16,0.230769230766293,0.483870967735775,1.27118644066178,1.28205128203496,1.31578947366746,1.33928571426866,1.69354838707521,1.61538461536405,1.64062499997911,1.37404580150922,1.07913669063374,0.419580419575077,0.437956204373986,0.451127819543128,1.08695652172529,0.671641791036224,0.666666666658178,0.833333333322723,1.24999999998408,1.57894736840095,2.22044604925031e-16
2.22044604925031e-16,2.22044604925031e-16,2.22044604925031e-16,2.22044604925031e-16,2.22044604925031e-16,2.22044604925031e-16,0.105633802815557,0.103448275860752,0.107526881719061,0.103448275860752,0.105633802815557,0.114942528734169,0.115830115828641,0.121457489876996,0.128755364805228,2.22044604925031e-16,2.22044604925031e-16,2.22044604925031e-16,2.22044604925031e-16,2.22044604925031e-16,2.22044604925031e-16,2.22044604925031e-16,2.22044604925031e-16,0.140186915886066,0.143540669854632,0.144230769228933,0.146341463412771,0.144927536230039,0.149253731341383,0.164835164833066,0.326086956517587,0.324324324320195,0.167597765360995,0.170454545452375,0.175438596488994,0.185185185182827,0.188679245280617,0.180722891563964,0.169491525421571,2.22044604925031e-16,0.179640718560587,0.177514792897148,0.174418604648942,0.361445783127928,0.727272727263467,0.740740740731309,0.980392156850262,2.01342281876631,2.87671232873049,3.66906474815472,6.92307692298877,10.4032258063191,11.6949152540884,13.0769230767566,16.052631578743,16.3392857140777,14.999999999809,13.6153846152113,13.8281249998239,10.7633587784889,7.55395683443619,6.92307692298877,5.69343065686181,3.83458646611659,3.69565217386599,2.46268656713282,2.22222222219393,1.3888888888712,0.833333333322723,0.526315789466983,2.22044604925031e-16
2.22044604925031e-16,2.22044604925031e-16,2.22044604925031e-16,2.22044604925031e-16,2.22044604925031e-16,2.22044604925031e-16,2.22044604925031e-16,2.22044604925031e-16,2.22044604925031e-16,2.22044604925031e-16,2.22044604925031e-16,2.22044604925031e-16,2.22044604925031e-16,2.22044604925031e-16,2.22044604925031e-16,2.22044604925031e-16,2.22044604925031e-16,2.22044604925031e-16,2.22044604925031e-16,2.22044604925031e-16,2.22044604925031e-16,2.22044604925031e-16,2.22044604925031e-16,2.22044604925031e-16,2.22044604925031e-16,2.22044604925031e-16,2.22044604925031e-16,2.22044604925031e-16,2.22044604925031e-16,2.22044604925031e-16,2.22044604925031e-16,2.22044604925031e-16,2.22044604925031e-16,2.22044604925031e-16,2.22044604925031e-16,2.22044604925031e-16,2.22044604925031e-16,2.22044604925031e-16,2.22044604925031e-16,2.22044604925031e-16,2.22044604925031e-16,2.22044604925031e-16,2.22044604925031e-16,2.22044604925031e-16,2.22044604925031e-16,2.22044604925031e-16,2.22044604925031e-16,2.22044604925031e-16,2.22044604925031e-16,2.22044604925031e-16,2.22044604925031e-16,2.22044604925031e-16,2.22044604925031e-16,2.22044604925031e-16,2.22044604925031e-16,2.22044604925031e-16,0.483870967735775,0.461538461532585,0.468749999994032,0.458015267169741,0.431654676253497,0.419580419575077,0.437956204373986,0.451127819543128,0.869565217380232,0.895522388048299,1.77777777775514,2.22222222219393,3.33333333329089,4.21052631573586,5.21739130428139
2.22044604925031e-16,2.22044604925031e-16,2.22044604925031e-16,0.157894736840095,0.115830115828641,0.104166666665341,0.211267605631113,1.13793103446827,1.82795698922404,5.06896551717684,6.76056338019561,8.27586206886014,11.0038610037209,13.8461538459775,16.4806866950691,17.9475982530466,18.5650224212883,19.1025641023209,17.464788732172,16.9756097558814,15.6818181816185,13.661971830812,11.320754716837,9.81308411202458,8.75598086113253,7.35576923067557,5.12195121944698,4.05797101444108,3.43283582085181,2.47252747249599,1.63043478258794,1.45945945944088,1.00558659216597,0.852272727261876,0.877192982444971,0.740740740731309,0.754716981122466,0.361445783127928,0.338983050843142,0.350877192977989,0.179640718560587,2.22044604925031e-16,2.22044604925031e-16,2.22044604925031e-16,2.22044604925031e-16,2.22044604925031e-16,2.22044604925031e-16,2.22044604925031e-16,2.22044604925031e-16,2.22044604925031e-16,2.22044604925031e-16,2.22044604925031e-16,2.22044604925031e-16,2.22044604925031e-16,2.22044604925031e-16,2.22044604925031e-16,2.22044604925031e-16,2.22044604925031e-16,2.22044604925031e-16,2.22044604925031e-16,2.22044604925031e-16,2.22044604925031e-16,2.22044604925031e-16,2.22044604925031e-16,2.22044604925031e-16,2.22044604925031e-16,2.22044604925031e-16,2.22044604925031e-16,2.22044604925031e-16,2.22044604925031e-16,2.22044604925031e-16
2.22044604925031e-16,0.434782608690116,1.67999999997861,1.26315789472076,1.27413127411505,1.14583333331874,1.16197183097112,1.03448275860752,0.860215053752488,0.413793103443007,0.422535211262226,0.344827586202506,0.347490347485923,2.22044604925031e-16,2.22044604925031e-16,2.22044604925031e-16,2.22044604925031e-16,2.22044604925031e-16,2.22044604925031e-16,0.146341463412771,0.1363636363619,0.422535211262226,1.27358490564416,1.68224299063279,1.86602870811021,3.60576923072332,4.68292682920866,5.50724637674147,5.97014925365533,6.59340659332264,7.33695652164571,7.62162162152457,7.70949720660575,8.181818181714,7.01754385955977,6.29629629621613,5.84905660369911,5.60240963848288,5.42372881349026,5.08771929818083,4.1317365268935,3.72781065084011,3.13953488368096,2.89156626502342,3.45454545450147,4.0740740740222,4.90196078425131,7.24832214755871,8.21917808208713,13.5971223019851,15.6923076921079,20.5645161287704,22.118644067515,22.0512820510013,22.3684210523468,21.4285714282986,18.8709677416952,18.4615384613034,14.999999999809,13.9694656486771,11.4388489207177,11.5384615383146,11.8248175180976,11.5037593983498,11.304347825943,10.0746268655434,7.99999999989814,6.94444444435602,4.16666666661361,3.1578947368019,1.30434782607035
2.22044604925031e-16,2.22044604925031e-16,2.22044604925031e-16,0.157894736840095,1.15830115828641,3.54166666662157,6.02112676048671,9.20689655160691,11.0752688170633,13.5517241377585,15.8450704223335,18.1609195399986,20.0386100383549,22.1052631576133,21.502145922473,19.7816593883944,17.3542600894651,15.6410256408265,13.5211267603912,11.2682926827833,9.4090909089711,7.46478873229932,5.37735849049757,4.34579439246803,3.44497607651116,2.01923076920506,1.0243902438894,0.724637681150194,0.746268656706916,0.659340659332264,0.326086956517587,0.324324324320195,0.167597765360995,0.170454545452375,0.175438596488994,0.185185185182827,0.188679245280617,0.180722891563964,0.169491525421571,0.175438596488994,0.179640718560587,2.22044604925031e-16,2.22044604925031e-16,2.22044604925031e-16,2.22044604925031e-16,2.22044604925031e-16,2.22044604925031e-16,2.22044604925031e-16,2.22044604925031e-16,0.215827338126749,0.230769230766293,0.241935483867887,0.254237288132356,0.256410256406992,0.263157894733492,0.267857142853732,0.967741935471549,1.38461538459775,1.17187499998508,1.14503816792435,1.07913669063374,1.25874125872523,1.31386861312196,1.35338345862938,1.30434782607035,0.895522388048299,0.666666666658178,0.833333333322723,0.833333333322723,1.05263157893397,1.30434782607035
2.22044604925031e-16,2.22044604925031e-16,2.22044604925031e-16,2.22044604925031e-16,0.347490347485923,1.5624999999801,1.58450704223335,1.86206896549353,2.15053763438122,2.9999999999618,3.59154929572892,4.36781609189841,4.98069498063156,4.85829959507984,3.60515021454637,3.66812227069565,3.63228699546945,3.2051282050874,2.25352112673187,1.60975609754048,0.954545454533301,0.281690140841484,0.283018867920925,0.280373831772131,0.287081339709263,2.22044604925031e-16,2.22044604925031e-16,2.22044604925031e-16,2.22044604925031e-16,2.22044604925031e-16,2.22044604925031e-16,2.22044604925031e-16,2.22044604925031e-16,2.22044604925031e-16,2.22044604925031e-16,2.22044604925031e-16,2.22044604925031e-16,2.22044604925031e-16,2.22044604925031e-16,2.22044604925031e-16,2.22044604925031e-16,2.22044604925031e-16,2.22044604925031e-16,2.22044604925031e-16,2.22044604925031e-16,2.22044604925031e-16,2.22044604925031e-16,0.604026845629893,2.26027397257396,4.10071942440822,6.23076923068989,7.4999999999045,8.38983050836775,8.71794871783771,9.47368421040569,9.91071428558809,8.95161290311183,6.69230769222248,5.62499999992838,4.12213740452767,3.02158273377448,2.51748251745046,2.40875912405692,2.03007518794408,1.73913043476046,1.11940298506037,1.11111111109696,2.22044604925031e-16,2.22044604925031e-16,2.22044604925031e-16,2.22044604925031e-16
2.22044604925031e-16,2.22044604925031e-16,2.22044604925031e-16,2.22044604925031e-16,2.22044604925031e-16,2.22044604925031e-16,2.22044604925031e-16,2.22044604925031e-16,2.22044604925031e-16,2.22044604925031e-16,2.22044604925031e-16,2.22044604925031e-16,2.22044604925031e-16,2.22044604925031e-16,2.22044604925031e-16,0.131004366810559,0.13452914798035,0.128205128203496,0.140845070420742,0.146341463412771,0.1363636363619,0.140845070420742,0.141509433960463,0.140186915886066,2.22044604925031e-16,2.22044604925031e-16,2.22044604925031e-16,2.22044604925031e-16,2.22044604925031e-16,2.22044604925031e-16,2.22044604925031e-16,2.22044604925031e-16,2.22044604925031e-16,2.22044604925031e-16,2.22044604925031e-16,2.22044604925031e-16,2.22044604925031e-16,2.22044604925031e-16,2.22044604925031e-16,2.22044604925031e-16,2.22044604925031e-16,0.710059171588592,1.04651162789365,1.62650602407568,3.8181818181332,7.22222222213026,10.1960784312427,12.2818791944745,13.3561643833916,16.4028776976329,17.7692307690045,18.3870967739594,18.559322033662,15.6410256408265,11.3157894735401,8.03571428561197,5.08064516122563,3.92307692302697,1.40624999998209,0.229007633584871,2.22044604925031e-16,2.22044604925031e-16,2.22044604925031e-16,2.22044604925031e-16,2.22044604925031e-16,2.22044604925031e-16,2.22044604925031e-16,2.22044604925031e-16,2.22044604925031e-16,2.22044604925031e-16,2.22044604925031e-16
2.22044604925031e-16,2.22044604925031e-16,2.22044604925031e-16,2.22044604925031e-16,2.22044604925031e-16,2.22044604925031e-16,2.22044604925031e-16,2.22044604925031e-16,2.22044604925031e-16,2.22044604925031e-16,2.22044604925031e-16,2.22044604925031e-16,2.22044604925031e-16,2.22044604925031e-16,2.22044604925031e-16,2.22044604925031e-16,2.22044604925031e-16,2.22044604925031e-16,2.22044604925031e-16,2.22044604925031e-16,2.22044604925031e-16,2.22044604925031e-16,2.22044604925031e-16,2.22044604925031e-16,2.22044604925031e-16,2.22044604925031e-16,2.22044604925031e-16,2.22044604925031e-16,2.22044604925031e-16,2.22044604925031e-16,2.22044604925031e-16,2.22044604925031e-16,2.22044604925031e-16,2.22044604925031e-16,0.701754385955977,3.14814814810806,6.22641509426034,9.0361445781982,9.49152542360796,11.4035087717846,12.9341317363623,13.4911242601832,13.4302325579685,13.1927710841694,11.0909090907679,8.33333333322723,5.49019607836147,4.42953020128588,2.67123287667832,1.29496402876049,0.461538461532585,0.241935483867887,0.254237288132356,2.22044604925031e-16,2.22044604925031e-16,2.22044604925031e-16,2.22044604925031e-16,2.22044604925031e-16,2.22044604925031e-16,2.22044604925031e-16,2.22044604925031e-16,2.22044604925031e-16,2.22044604925031e-16,2.22044604925031e-16,2.22044604925031e-16,2.22044604925031e-16,2.22044604925031e-16,2.22044604925031e-16,2.22044604925031e-16,2.22044604925031e-16,2.22044604925031e-16
2.22044604925031e-16,2.22044604925031e-16,2.22044604925031e-16,0.473684210520285,0.810810810800487,0.937499999988063,1.16197183097112,2.27586206893654,2.79569892469558,2.68965517237955,2.74647887320447,2.75862068962005,2.77992277988738,2.42914979753992,2.3175965664941,2.09606986896894,0.672645739901749,0.128205128203496,0.140845070420742,0.146341463412771,2.22044604925031e-16,2.22044604925031e-16,2.22044604925031e-16,2.22044604925031e-16,2.22044604925031e-16,2.22044604925031e-16,2.22044604925031e-16,2.22044604925031e-16,2.22044604925031e-16,2.22044604925031e-16,2.22044604925031e-16,2.22044604925031e-16,2.22044604925031e-16,2.22044604925031e-16,2.22044604925031e-16,2.22044604925031e-16,2.22044604925031e-16,2.22044604925031e-16,2.22044604925031e-16,2.22044604925031e-16,0.179640718560587,0.177514792897148,0.174418604648942,0.180722891563964,0.181818181815867,0.185185185182827,0.196078431370053,0.201342281876631,0.205479452052178,2.22044604925031e-16,2.22044604925031e-16,2.22044604925031e-16,2.22044604925031e-16,2.22044604925031e-16,2.22044604925031e-16,2.22044604925031e-16,2.22044604925031e-16,2.22044604925031e-16,2.22044604925031e-16,2.22044604925031e-16,2.22044604925031e-16,2.22044604925031e-16,2.22044604925031e-16,2.22044604925031e-16,2.22044604925031e-16,2.22044604925031e-16,2.22044604925031e-16,2.22044604925031e-16,2.22044604925031e-16,2.22044604925031e-16,2.22044604925031e-16
2.22044604925031e-16,2.22044604925031e-16,2.22044604925031e-16,2.22044604925031e-16,2.22044604925031e-16,2.22044604925031e-16,2.22044604925031e-16,0.310344827582256,0.752688172033427,2.58620689651879,4.22535211262226,4.82758620683508,7.0656370655471,9.47368421040569,11.33047210286,12.3144104801925,12.6457399101529,11.9230769229251,10.5633802815556,9.36585365841733,8.4545454544378,6.0563380280919,3.96226415089295,2.52336448594918,1.72248803825558,1.29807692306039,0.878048780476625,0.869565217380232,0.298507462682767,0.329670329666132,0.326086956517587,2.22044604925031e-16,2.22044604925031e-16,2.22044604925031e-16,2.22044604925031e-16,2.22044604925031e-16,2.22044604925031e-16,2.22044604925031e-16,2.22044604925031e-16,2.22044604925031e-16,2.22044604925031e-16,2.22044604925031e-16,2.22044604925031e-16,0.90361445781982,3.63636363631734,6.29629629621613,8.82352941165236,11.0738255032147,13.9726027395481,17.2661870501399,18.923076922836,22.0161290319777,21.8644067793826,18.4615384613034,15.526315789276,12.8571428569791,9.19354838697971,5.76923076915731,3.04687499996121,2.51908396943357,0.431654676253497,0.419580419575077,0.218978102186993,2.22044604925031e-16,2.22044604925031e-16,2.22044604925031e-16,2.22044604925031e-16,2.22044604925031e-16,2.22044604925031e-16,2.22044604925031e-16,2.22044604925031e-16
2.22044604925031e-16,2.22044604925031e-16,2.22044604925031e-16,2.22044604925031e-16,2.22044604925031e-16,2.22044604925031e-16,2.22044604925031e-16,2.22044604925031e-16,2.22044604925031e-16,2.22044604925031e-16,2.22044604925031e-16,2.22044604925031e-16,2.22044604925031e-16,2.22044604925031e-16,2.22044604925031e-16,2.22044604925031e-16,2.22044604925031e-16,2.22044604925031e-16,2.22044604925031e-16,2.22044604925031e-16,2.22044604925031e-16,2.22044604925031e-16,2.22044604925031e-16,2.22044604925031e-16,2.22044604925031e-16,2.22044604925031e-16,2.22044604925031e-16,2.22044604925031e-16,2.22044604925031e-16,2.22044604925031e-16,2.22044604925031e-16,2.22044604925031e-16,2.22044604925031e-16,2.22044604925031e-16,2.22044604925031e-16,2.22044604925031e-16,2.22044604925031e-16,0.722891566255856,1.35593220337257,3.68421052626888,6.46706586818113,8.69822485196025,12.2093023254259,16.6265060238847,17.9999999997708,20.5555555552938,21.9607843134459,21.7449664426761,19.7260273970091,17.4820143882666,15.6923076921079,11.3709677417907,6.3559322033089,5.12820512813983,3.42105263153539,2.67857142853732,7.4999999999045,11.7692307690809,14.765624999812,16.9465648852804,17.6978417263934,18.0419580417283,18.8321167880814,18.2706766914967,17.1739130432596,12.9850746267003,8.22222222211753,3.88888888883937,0.833333333322723,2.22044604925031e-16,2.22044604925031e-16
2.22044604925031e-16,2.22044604925031e-16,2.22044604925031e-16,2.22044604925031e-16,2.22044604925031e-16,2.22044604925031e-16,2.22044604925031e-16,2.22044604925031e-16,2.22044604925031e-16,2.22044604925031e-16,2.22044604925031e-16,2.22044604925031e-16,2.22044604925031e-16,2.22044604925031e-16,2.22044604925031e-16,2.22044604925031e-16,2.22044604925031e-16,2.22044604925031e-16,2.22044604925031e-16,2.22044604925031e-16,2.22044604925031e-16,2.22044604925031e-16,2.22044604925031e-16,2.22044604925031e-16,2.22044604925031e-16,2.22044604925031e-16,2.22044604925031e-16,2.22044604925031e-16,2.22044604925031e-16,2.22044604925031e-16,2.22044604925031e-16,2.22044604925031e-16,2.22044604925031e-16,2.22044604925031e-16,2.22044604925031e-16,2.22044604925031e-16,0.188679245280617,0.180722891563964,0.169491525421571,0.175438596488994,0.179640718560587,0.177514792897148,0.174418604648942,0.180722891563964,0.181818181815867,2.22044604925031e-16,2.22044604925031e-16,2.22044604925031e-16,2.22044604925031e-16,2.22044604925031e-16,2.22044604925031e-16,2.22044604925031e-16,2.22044604925031e-16,2.22044604925031e-16,2.22044604925031e-16,2.22044604925031e-16,2.22044604925031e-16,2.22044604925031e-16,2.22044604925031e-16,2.22044604925031e-16,2.22044604925031e-16,2.22044604925031e-16,2.22044604925031e-16,2.22044604925031e-16,2.22044604925031e-16,2.22044604925031e-16,2.22044604925031e-16,2.22044604925031e-16,2.22044604925031e-16,2.22044604925031e-16,2.22044604925031e-16
2.22044604925031e-16,2.22044604925031e-16,2.22044604925031e-16,2.22044604925031e-16,2.22044604925031e-16,2.22044604925031e-16,2.22044604925031e-16,2.22044604925031e-16,2.22044604925031e-16,2.22044604925031e-16,2.22044604925031e-16,2.22044604925031e-16,2.22044604925031e-16,2.22044604925031e-16,2.22044604925031e-16,2.22044604925031e-16,2.22044604925031e-16,2.22044604925031e-16,2.22044604925031e-16,2.22044604925031e-16,2.22044604925031e-16,2.22044604925031e-16,2.22044604925031e-16,2.22044604925031e-16,2.22044604925031e-16,2.22044604925031e-16,2.22044604925031e-16,2.22044604925031e-16,2.22044604925031e-16,2.22044604925031e-16,2.22044604925031e-16,2.22044604925031e-16,2.22044604925031e-16,2.22044604925031e-16,2.22044604925031e-16,2.22044604925031e-16,2.22044604925031e-16,2.22044604925031e-16,2.22044604925031e-16,2.22044604925031e-16,2.22044604925031e-16,2.22044604925031e-16,2.22044604925031e-16,2.22044604925031e-16,2.22044604925031e-16,2.22044604925031e-16,2.22044604925031e-16,2.22044604925031e-16,2.22044604925031e-16,2.22044604925031e-16,2.22044604925031e-16,2.22044604925031e-16,2.22044604925031e-16,2.22044604925031e-16,2.22044604925031e-16,2.22044604925031e-16,2.22044604925031e-16,2.22044604925031e-16,2.22044604925031e-16,2.22044604925031e-16,2.22044604925031e-16,2.22044604925031e-16,2.22044604925031e-16,2.22044604925031e-16,2.22044604925031e-16,2.22044604925031e-16,2.22044604925031e-16,2.22044604925031e-16,2.22044604925031e-16,2.22044604925031e-16,2.22044604925031e-16
2.22044604925031e-16,2.22044604925031e-16,2.22044604925031e-16,2.22044604925031e-16,1.38996138994369,1.35416666664942,1.37323943660223,1.34482758618977,1.39784946234779,1.34482758618977,1.37323943660223,1.49425287354419,0.810810810800487,0.121457489876996,2.22044604925031e-16,2.22044604925031e-16,0.2690582959607,0.256410256406992,0.281690140841484,0.292682926825542,0.2727272727238,0.422535211262226,1.27358490564416,1.40186915886065,1.43540669854632,1.15384615383146,2.19512195119156,3.33333333329089,5.07462686560703,5.93406593399038,9.13043478249244,12.3243243241674,17.5977653629044,22.1590909088088,27.0175438593051,29.6296296292524,29.6226415090568,26.9277108430306,26.1016949149219,23.5087719295252,19.7604790416646,14.9112426033604,10.8139534882344,6.86746987943063,4.72727272721254,3.88888888883937,3.52941176466094,2.21476510064294,2.05479452052178,1.72661870501399,0.92307692306517,0.241935483867887,0.254237288132356,2.22044604925031e-16,2.22044604925031e-16,2.22044604925031e-16,2.22044604925031e-16,2.22044604925031e-16,2.22044604925031e-16,2.22044604925031e-16,2.22044604925031e-16,2.22044604925031e-16,2.22044604925031e-16,2.22044604925031e-16,2.22044604925031e-16,2.22044604925031e-16,2.22044604925031e-16,2.22044604925031e-16,2.22044604925031e-16,2.22044604925031e-16,2.22044604925031e-16
2.22044604925031e-16,2.22044604925031e-16,2.22044604925031e-16,2.22044604925031e-16,2.22044604925031e-16,2.22044604925031e-16,2.22044604925031e-16,2.22044604925031e-16,2.22044604925031e-16,2.22044604925031e-16,2.22044604925031e-16,2.22044604925031e-16,2.22044604925031e-16,2.22044604925031e-16,2.22044604925031e-16,2.22044604925031e-16,2.22044604925031e-16,2.22044604925031e-16,2.22044604925031e-16,2.22044604925031e-16,2.22044604925031e-16,2.22044604925031e-16,2.22044604925031e-16,2.22044604925031e-16,2.22044604925031e-16,2.22044604925031e-16,2.22044604925031e-16,2.22044604925031e-16,0.44776119402415,0.989010988998396,3.42391304343466,4.70270270264282,5.86592178763481,6.1363636362855,6.31578947360379,6.66666666658178,6.79245283010219,5.96385542161081,5.08474576264712,2.63157894733491,1.25748502992411,0.177514792897148,2.22044604925031e-16,2.22044604925031e-16,2.22044604925031e-16,2.22044604925031e-16,2.22044604925031e-16,2.22044604925031e-16,2.22044604925031e-16,2.22044604925031e-16,2.22044604925031e-16,2.22044604925031e-16,2.22044604925031e-16,2.22044604925031e-16,2.22044604925031e-16,2.22044604925031e-16,2.22044604925031e-16,2.22044604925031e-16,2.22044604925031e-16,2.22044604925031e-16,2.22044604925031e-16,2.22044604925031e-16,2.22044604925031e-16,2.22044604925031e-16,2.22044604925031e-16,2.22044604925031e-16,2.22044604925031e-16,2.22044604925031e-16,2.22044604925031e-16,2.22044604925031e-16,2.22044604925031e-16
2.22044604925031e-16,2.22044604925031e-16,2.22044604925031e-16,2.22044604925031e-16,2.22044604925031e-16,2.22044604925031e-16,2.22044604925031e-16,2.22044604925031e-16,2.22044604925031e-16,2.22044604925031e-16,2.22044604925031e-16,2.22044604925031e-16,2.22044604925031e-16,2.22044604925031e-16,2.22044604925031e-16,2.22044604925031e-16,2.22044604925031e-16,2.22044604925031e-16,2.22044604925031e-16,0.146341463412771,0.1363636363619,0.140845070420742,0.283018867920925,0.280373831772131,0.287081339709263,0.288461538457866,0.292682926825542,0.289855072460078,0.149253731341383,0.164835164833066,0.163043478258794,2.22044604925031e-16,2.22044604925031e-16,2.22044604925031e-16,2.22044604925031e-16,2.22044604925031e-16,2.22044604925031e-16,2.22044604925031e-16,2.22044604925031e-16,0.175438596488994,0.359281437121174,0.355029585794296,0.348837209297884,0.361445783127928,0.363636363631734,0.370370370365655,0.392156862740105,0.402684563753262,0.205479452052178,2.22044604925031e-16,2.22044604925031e-16,2.22044604925031e-16,2.22044604925031e-16,0.256410256406992,0.526315789466983,2.94642857139106,2.66129032254676,4.38461538455956,4.4531249999433,4.35114503811254,4.53237410066171,4.40559440553831,4.81751824811384,4.73684210520284,2.6086956521407,2.6865671641449,0.888888888877571,1.11111111109696,0.833333333322723,2.22044604925031e-16,2.22044604925031e-16
2.22044604925031e-16,2.22044604925031e-16,1.19999999998472,1.73684210524104,1.62162162160097,1.45833333331477,1.47887323941779,1.44827586205053,1.39784946234779,0.931034482746766,0.422535211262226,0.344827586202506,0.115830115828641,2.22044604925031e-16,2.22044604925031e-16,2.22044604925031e-16,2.22044604925031e-16,2.22044604925031e-16,2.22044604925031e-16,2.22044604925031e-16,2.22044604925031e-16,2.22044604925031e-16,2.22044604925031e-16,2.22044604925031e-16,2.22044604925031e-16,2.22044604925031e-16,2.22044604925031e-16,2.22044604925031e-16,2.22044604925031e-16,2.22044604925031e-16,2.22044604925031e-16,2.22044604925031e-16,2.22044604925031e-16,2.22044604925031e-16,2.22044604925031e-16,2.22044604925031e-16,2.22044604925031e-16,2.22044604925031e-16,2.22044604925031e-16,0.877192982444972,1.61676646704528,2.84023668635437,5.4069767441172,6.68674698786667,7.27272727263467,7.77777777767874,8.43137254891225,8.65771812069513,8.01369863003495,7.55395683443619,6.46153846145619,3.14516129028253,1.77966101692649,1.02564102562797,0.526315789466983,0.267857142853732,0.241935483867887,2.22044604925031e-16,2.22044604925031e-16,2.22044604925031e-16,2.22044604925031e-16,2.22044604925031e-16,2.22044604925031e-16,2.22044604925031e-16,2.22044604925031e-16,2.22044604925031e-16,2.22044604925031e-16,2.22044604925031e-16,2.22044604925031e-16,2.22044604925031e-16,2.22044604925031e-16
2.22044604925031e-16,2.22044604925031e-16,2.22044604925031e-16,2.22044604925031e-16,2.22044604925031e-16,0.208333333330681,0.316901408446669,0.517241379303759,1.18279569890967,1.75862068963278,2.4295774647578,2.98850574708838,3.24324324320195,3.40080971655589,3.34763948493592,3.27510917026397,3.09417040354805,2.17948717945943,1.54929577462816,0.731707317063854,0.2727272727238,2.22044604925031e-16,2.22044604925031e-16,0.140186915886066,0.143540669854632,0.288461538457866,0.878048780476625,0.869565217380232,0.895522388048299,1.15384615383146,1.14130434781155,1.13513513512068,1.00558659216597,1.02272727271425,1.57894736840095,1.11111111109696,1.1320754716837,1.08433734938378,0.847457627107854,1.05263157893397,1.07784431136352,1.42011834317718,1.39534883719154,0.722891566255856,0.545454545447601,0.555555555548482,0.588235294110157,0.604026845629893,0.410958904104357,0.431654676253497,2.22044604925031e-16,2.22044604925031e-16,2.22044604925031e-16,2.22044604925031e-16,0.526315789466983,1.07142857141493,2.66129032254676,3.23076923072809,3.98437499994927,4.12213740452767,5.17985611504196,5.87412587405108,6.56934306560978,6.31578947360379,5.65217391297151,4.47761194024149,4.44444444438785,4.44444444438785,2.49999999996817,2.10526315786793,3.91304347821105
2.22044604925031e-16,2.22044604925031e-16,0.479999999993888,0.947368421040569,2.20077220074418,2.08333333330681,2.32394366194224,2.48275862065804,2.90322580641465,2.7931034482403,2.85211267602002,2.64367816088588,1.38996138994369,1.33603238864696,1.28755364805228,1.04803493448447,0.807174887882099,0.384615384610488,0.140845070420742,0.146341463412771,0.1363636363619,0.140845070420742,2.22044604925031e-16,2.22044604925031e-16,2.22044604925031e-16,2.22044604925031e-16,2.22044604925031e-16,2.22044604925031e-16,2.22044604925031e-16,2.22044604925031e-16,2.22044604925031e-16,2.22044604925031e-16,2.22044604925031e-16,2.22044604925031e-16,2.22044604925031e-16,2.22044604925031e-16,2.22044604925031e-16,2.22044604925031e-16,2.22044604925031e-16,2.22044604925031e-16,2.22044604925031e-16,2.22044604925031e-16,2.22044604925031e-16,0.180722891563964,0.363636363631734,1.85185185182827,3.52941176466094,4.42953020128588,4.93150684925228,6.04316546754895,6.46153846145619,7.4999999999045,7.88135593210304,7.94871794861674,6.0526315788703,4.01785714280598,2.66129032254676,2.07692307689663,1.17187499998508,1.14503816792435,0.431654676253497,0.209790209787539,2.22044604925031e-16,2.22044604925031e-16,2.22044604925031e-16,2.22044604925031e-16,2.22044604925031e-16,2.22044604925031e-16,2.22044604925031e-16,2.22044604925031e-16,2.22044604925031e-16
2.22044604925031e-16,2.22044604925031e-16,2.22044604925031e-16,2.22044604925031e-16,0.926640926629128,2.49999999996817,3.16901408446669,4.24137931029082,4.62365591391962,4.65517241373383,5.17605633796226,6.09195402291094,6.71814671806118,6.0728744938498,4.37768240337773,3.66812227069565,2.28699551566595,1.92307692305244,1.83098591546964,1.31707317071494,0.681818181809501,2.22044604925031e-16,2.22044604925031e-16,2.22044604925031e-16,2.22044604925031e-16,2.22044604925031e-16,2.22044604925031e-16,2.22044604925031e-16,2.22044604925031e-16,2.22044604925031e-16,2.22044604925031e-16,2.22044604925031e-16,2.22044604925031e-16,2.22044604925031e-16,2.22044604925031e-16,2.22044604925031e-16,2.22044604925031e-16,2.22044604925031e-16,2.22044604925031e-16,2.22044604925031e-16,2.22044604925031e-16,2.22044604925031e-16,2.22044604925031e-16,2.22044604925031e-16,2.22044604925031e-16,2.22044604925031e-16,2.22044604925031e-16,2.22044604925031e-16,2.22044604925031e-16,2.22044604925031e-16,2.22044604925031e-16,2.22044604925031e-16,2.22044604925031e-16,2.22044604925031e-16,2.22044604925031e-16,2.22044604925031e-16,2.22044604925031e-16,2.22044604925031e-16,2.22044604925031e-16,2.22044604925031e-16,2.22044604925031e-16,2.22044604925031e-16,2.22044604925031e-16,2.22044604925031e-16,2.22044604925031e-16,0.223880597012075,0.222222222219393,0.277777777774241,0.416666666661362,0.526315789466983,2.22044604925031e-16
2.22044604925031e-16,4.78260869559128,5.27999999993277,6.31578947360379,5.90733590726069,5.31249999993236,5.07042253514671,4.13793103443007,4.08602150532432,2.9999999999618,2.00704225349557,1.26436781607586,0.231660231657282,2.22044604925031e-16,2.22044604925031e-16,2.22044604925031e-16,2.22044604925031e-16,2.22044604925031e-16,2.22044604925031e-16,2.22044604925031e-16,2.22044604925031e-16,2.22044604925031e-16,2.22044604925031e-16,2.22044604925031e-16,2.22044604925031e-16,2.22044604925031e-16,2.22044604925031e-16,2.22044604925031e-16,2.22044604925031e-16,2.22044604925031e-16,2.22044604925031e-16,2.22044604925031e-16,2.22044604925031e-16,2.22044604925031e-16,2.22044604925031e-16,2.22044604925031e-16,2.22044604925031e-16,2.22044604925031e-16,2.22044604925031e-16,2.22044604925031e-16,2.22044604925031e-16,2.22044604925031e-16,2.22044604925031e-16,2.22044604925031e-16,2.22044604925031e-16,0.185185185182827,0.196078431370053,0.201342281876631,0.205479452052178,0.215827338126749,0.230769230766293,0.241935483867887,0.254237288132356,0.256410256406992,2.22044604925031e-16,2.22044604925031e-16,2.22044604925031e-16,2.22044604925031e-16,2.22044604925031e-16,2.22044604925031e-16,2.22044604925031e-16,2.22044604925031e-16,2.22044604925031e-16,2.22044604925031e-16,2.22044604925031e-16,2.22044604925031e-16,0.444444444438786,0.555555555548482,0.833333333322723,1.05263157893397,2.6086956521407
2.22044604925031e-16,2.22044604925031e-16,2.22044604925031e-16,2.22044604925031e-16,2.22044604925031e-16,2.22044604925031e-16,2.22044604925031e-16,2.22044604925031e-16,2.22044604925031e-16,2.22044604925031e-16,2.22044604925031e-16,2.22044604925031e-16,2.22044604925031e-16,2.22044604925031e-16,2.22044604925031e-16,2.22044604925031e-16,2.22044604925031e-16,2.22044604925031e-16,2.22044604925031e-16,2.22044604925031e-16,2.22044604925031e-16,2.22044604925031e-16,2.22044604925031e-16,2.22044604925031e-16,2.22044604925031e-16,2.22044604925031e-16,2.22044604925031e-16,2.22044604925031e-16,0.149253731341383,0.164835164833066,0.326086956517587,0.972972972960584,2.68156424577591,5.79545454538075,8.94736842093871,11.8518518517009,12.8301886790819,12.8313253010414,12.8813559320394,13.6842105261416,14.0119760477258,12.7810650885947,9.94186046498969,7.40963855412252,5.454545454476,4.81481481475351,4.31372549014115,3.42281879190273,2.87671232873049,2.15827338126748,1.38461538459775,0.725806451603662,0.508474576264712,2.22044604925031e-16,2.22044604925031e-16,2.22044604925031e-16,2.22044604925031e-16,2.22044604925031e-16,2.22044604925031e-16,2.22044604925031e-16,2.22044604925031e-16,2.22044604925031e-16,2.22044604925031e-16,2.22044604925031e-16,2.22044604925031e-16,2.22044604925031e-16,2.22044604925031e-16,2.22044604925031e-16,2.22044604925031e-16,2.22044604925031e-16,2.22044604925031e-16
2.22044604925031e-16,2.22044604925031e-16,2.22044604925031e-16,2.22044604925031e-16,2.22044604925031e-16,2.22044604925031e-16,2.22044604925031e-16,2.22044604925031e-16,2.22044604925031e-16,0.103448275860752,0.105633802815557,0.229885057468337,0.347490347485923,0.364372469630988,0.772532188831365,2.09606986896894,3.90134529143015,5.12820512813983,6.19718309851264,7.31707317063854,7.6363636362664,9.29577464776896,10.3301886791137,12.4766355138598,13.0622009567715,12.4038461536882,11.7073170730217,11.0144927534829,10.7462686565796,10.7142857141493,8.96739130423364,7.78378378368467,4.86033519546884,2.89772727269038,1.57894736840095,0.740740740731309,0.566037735841849,0.180722891563964,0.169491525421571,2.22044604925031e-16,2.22044604925031e-16,2.22044604925031e-16,2.22044604925031e-16,2.22044604925031e-16,2.22044604925031e-16,2.22044604925031e-16,2.22044604925031e-16,2.22044604925031e-16,2.22044604925031e-16,2.22044604925031e-16,2.22044604925031e-16,2.22044604925031e-16,2.22044604925031e-16,2.22044604925031e-16,2.22044604925031e-16,2.22044604925031e-16,2.22044604925031e-16,2.22044604925031e-16,2.22044604925031e-16,2.22044604925031e-16,2.22044604925031e-16,2.22044604925031e-16,2.22044604925031e-16,2.22044604925031e-16,2.22044604925031e-16,2.22044604925031e-16,2.22044604925031e-16,2.22044604925031e-16,2.22044604925031e-16,2.22044604925031e-16,2.22044604925031e-16
2.22044604925031e-16,12.1739130433233,11.0399999998594,9.31578947356559,6.94980694971846,6.35416666658576,5.17605633796226,3.41379310340481,2.4731182795384,1.65517241377203,0.739436619708895,0.459770114936675,0.463320463314564,0.364372469630988,0.386266094415683,0.393013100431677,0.5381165919214,0.512820512813983,0.422535211262226,0.439024390238313,0.4090909090857,0.422535211262226,0.424528301881387,0.280373831772131,0.287081339709263,0.144230769228933,0.146341463412771,0.144927536230039,0.298507462682767,0.164835164833066,0.163043478258794,0.486486486480292,0.837988826804973,0.852272727261876,1.22807017542296,1.48148148146262,1.50943396224493,1.44578313251171,1.69491525421571,1.75438596488994,2.15568862272704,2.48520710056007,2.44186046508519,2.16867469876757,1.99999999997453,2.0370370370111,1.96078431370052,1.61073825501305,1.64383561641743,1.07913669063374,0.230769230766293,0.241935483867887,0.508474576264712,0.512820512813983,1.31578947366746,1.33928571426866,3.14516129028253,5.53846153839102,6.56249999991644,7.32824427471585,8.41726618694318,8.60139860128908,9.1970802918537,9.02255639086256,8.91304347814738,7.38805970139847,4.88888888882664,3.61111111106513,1.24999999998408,0.526315789466983,2.22044604925031e-16
2.22044604925031e-16,2.22044604925031e-16,2.22044604925031e-16,2.22044604925031e-16,2.22044604925031e-16,2.22044604925031e-16,2.22044604925031e-16,2.22044604925031e-16,2.22044604925031e-16,2.22044604925031e-16,2.22044604925031e-16,2.22044604925031e-16,2.22044604925031e-16,2.22044604925031e-16,2.22044604925031e-16,2.22044604925031e-16,2.22044604925031e-16,2.22044604925031e-16,2.22044604925031e-16,2.22044604925031e-16,2.22044604925031e-16,2.22044604925031e-16,2.22044604925031e-16,2.22044604925031e-16,2.22044604925031e-16,2.22044604925031e-16,2.22044604925031e-16,2.22044604925031e-16,2.22044604925031e-16,2.22044604925031e-16,2.22044604925031e-16,2.22044604925031e-16,2.22044604925031e-16,2.22044604925031e-16,2.22044604925031e-16,2.22044604925031e-16,2.22044604925031e-16,2.22044604925031e-16,2.22044604925031e-16,2.22044604925031e-16,2.22044604925031e-16,2.22044604925031e-16,2.22044604925031e-16,2.22044604925031e-16,2.22044604925031e-16,2.22044604925031e-16,0.196078431370053,0.201342281876631,0.205479452052178,0.215827338126749,0.230769230766293,0.241935483867887,0.254237288132356,0.256410256406992,0.789473684200474,1.07142857141493,1.69354838707521,4.61538461532585,5.39062499993136,5.95419847320663,7.55395683443619,8.181818181714,8.75912408747971,8.57142857131943,8.26086956511221,8.28358208944676,5.55555555548482,5.27777777771058,2.49999999996817,2.63157894733491,1.30434782607035
2.22044604925031e-16,2.22044604925031e-16,2.22044604925031e-16,2.22044604925031e-16,2.22044604925031e-16,2.22044604925031e-16,2.22044604925031e-16,2.22044604925031e-16,2.22044604925031e-16,2.22044604925031e-16,2.22044604925031e-16,2.22044604925031e-16,2.22044604925031e-16,2.22044604925031e-16,2.22044604925031e-16,2.22044604925031e-16,2.22044604925031e-16,2.22044604925031e-16,0.140845070420742,0.146341463412771,0.1363636363619,0.140845070420742,0.283018867920925,0.280373831772131,0.287081339709263,0.288461538457866,0.292682926825542,0.289855072460078,0.746268656706916,0.82417582416533,0.815217391293968,0.64864864864039,0.670391061443978,0.681818181809501,0.701754385955977,0.740740740731309,0.566037735841849,2.22044604925031e-16,2.22044604925031e-16,2.22044604925031e-16,2.22044604925031e-16,2.22044604925031e-16,2.22044604925031e-16,2.22044604925031e-16,2.22044604925031e-16,2.22044604925031e-16,2.22044604925031e-16,2.22044604925031e-16,2.22044604925031e-16,2.22044604925031e-16,2.22044604925031e-16,2.22044604925031e-16,2.22044604925031e-16,2.22044604925031e-16,2.22044604925031e-16,2.22044604925031e-16,2.22044604925031e-16,2.22044604925031e-16,2.22044604925031e-16,2.22044604925031e-16,2.22044604925031e-16,2.22044604925031e-16,2.22044604925031e-16,2.22044604925031e-16,2.22044604925031e-16,2.22044604925031e-16,2.22044604925031e-16,2.22044604925031e-16,2.22044604925031e-16,2.22044604925031e-16,2.22044604925031e-16
2.22044604925031e-16,0.434782608690116,0.479999999993888,0.31578947368019,0.231660231657282,0.208333333330681,0.211267605631113,0.103448275860752,0.215053763438122,0.103448275860752,0.105633802815557,0.229885057468337,0.231660231657282,0.242914979753992,0.257510729610455,0.262008733621118,0.2690582959607,0.128205128203496,0.281690140841484,0.731707317063854,1.0909090908952,1.54929577462816,1.98113207544647,3.50467289715164,4.16267942578432,5.33653846147051,8.34146341452793,9.56521739118255,10.895522387921,11.3736263734816,11.7391304346331,12.1621621620073,11.0614525138256,10.909090908952,9.99999999987267,6.85185185176461,5.09433962257664,3.43373493971531,3.72881355927456,3.33333333329089,3.59281437121174,4.0828402366344,5.75581395341508,5.78313253004685,6.18181818173947,6.29629629621613,6.27450980384168,5.8389261744223,5.34246575335663,4.10071942440822,3.23076923072809,0.483870967735775,1.01694915252942,1.02564102562797,1.84210526313444,1.87499999997613,1.69354838707521,1.61538461536405,1.64062499997911,1.83206106867896,1.72661870501399,1.25874125872523,0.875912408747971,0.225563909771564,0.217391304345058,0.223880597012075,0.222222222219393,2.22044604925031e-16,2.22044604925031e-16,2.22044604925031e-16,2.22044604925031e-16
2.22044604925031e-16,2.22044604925031e-16,2.22044604925031e-16,0.157894736840095,0.231660231657282,0.208333333330681,0.211267605631113,0.206896551721504,0.215053763438122,0.206896551721504,0.105633802815557,0.114942528734169,0.115830115828641,2.22044604925031e-16,2.22044604925031e-16,2.22044604925031e-16,2.22044604925031e-16,2.22044604925031e-16,2.22044604925031e-16,2.22044604925031e-16,1.2272727272571,1.6901408450489,2.12264150940694,4.0654205606959,5.59808612433063,9.08653846142276,11.1219512193706,11.8840579708632,12.9850746267003,12.8571428569791,12.7173913041859,13.297297297128,11.7318435752696,10.7386363634996,6.84210526307077,5.18518518511916,4.15094339617356,3.61445783127928,3.38983050843141,2.9824561403129,1.97604790416646,1.59763313607433,1.04651162789365,1.08433734938378,0.727272727263467,0.740740740731309,0.196078431370053,0.201342281876631,0.205479452052178,2.22044604925031e-16,2.22044604925031e-16,0.241935483867887,0.254237288132356,0.256410256406992,0.263157894733492,0.267857142853732,0.241935483867887,0.230769230766293,0.234374999997016,0.229007633584871,0.431654676253497,0.419580419575077,0.437956204373986,0.451127819543128,0.434782608690116,0.671641791036224,1.77777777775514,2.22222222219393,2.49999999996817,3.1578947368019,6.52173913035174
2.22044604925031e-16,2.22044604925031e-16,2.22044604925031e-16,2.22044604925031e-16,2.22044604925031e-16,2.22044604925031e-16,2.22044604925031e-16,2.22044604925031e-16,2.22044604925031e-16,2.22044604925031e-16,2.22044604925031e-16,2.22044604925031e-16,2.22044604925031e-16,2.22044604925031e-16,2.22044604925031e-16,2.22044604925031e-16,2.22044604925031e-16,2.22044604925031e-16,2.22044604925031e-16,2.22044604925031e-16,2.22044604925031e-16,2.22044604925031e-16,2.22044604925031e-16,0.140186915886066,1.00478468898242,2.01923076920506,2.19512195119156,3.62318840575097,3.73134328353458,4.12087912082665,4.40217391298743,4.37837837832263,4.35754189938586,3.4090909090475,2.28070175435693,2.22222222219393,0.377358490561233,0.361445783127928,0.338983050843142,2.22044604925031e-16,2.22044604925031e-16,2.22044604925031e-16,2.22044604925031e-16,2.22044604925031e-16,2.22044604925031e-16,2.22044604925031e-16,2.22044604925031e-16,2.22044604925031e-16,2.22044604925031e-16,2.22044604925031e-16,2.22044604925031e-16,2.22044604925031e-16,2.22044604925031e-16,2.22044604925031e-16,2.22044604925031e-16,2.22044604925031e-16,2.22044604925031e-16,2.22044604925031e-16,2.22044604925031e-16,2.22044604925031e-16,2.22044604925031e-16,2.22044604925031e-16,2.22044604925031e-16,2.22044604925031e-16,2.22044604925031e-16,2.22044604925031e-16,2.22044604925031e-16,2.22044604925031e-16,2.22044604925031e-16,2.22044604925031e-16,2.22044604925031e-16
2.22044604925031e-16,2.22044604925031e-16,2.22044604925031e-16,2.22044604925031e-16,0.115830115828641,0.104166666665341,0.105633802815557,0.103448275860752,0.107526881719061,0.103448275860752,0.105633802815557,0.114942528734169,0.115830115828641,2.22044604925031e-16,2.22044604925031e-16,2.22044604925031e-16,2.22044604925031e-16,2.22044604925031e-16,2.22044604925031e-16,2.22044604925031e-16,2.22044604925031e-16,2.22044604925031e-16,2.22044604925031e-16,2.22044604925031e-16,2.22044604925031e-16,2.22044604925031e-16,2.22044604925031e-16,2.22044604925031e-16,2.22044604925031e-16,2.22044604925031e-16,2.22044604925031e-16,2.22044604925031e-16,2.22044604925031e-16,2.22044604925031e-16,2.22044604925031e-16,2.22044604925031e-16,2.22044604925031e-16,2.22044604925031e-16,2.22044604925031e-16,2.22044604925031e-16,2.22044604925031e-16,2.22044604925031e-16,2.22044604925031e-16,2.22044604925031e-16,2.22044604925031e-16,2.22044604925031e-16,2.22044604925031e-16,2.22044604925031e-16,2.22044604925031e-16,2.22044604925031e-16,2.22044604925031e-16,0.241935483867887,0.508474576264712,0.512820512813983,0.526315789466983,0.535714285707465,0.483870967735775,0.461538461532585,0.468749999994032,0.458015267169741,0.215827338126749,2.22044604925031e-16,2.22044604925031e-16,2.22044604925031e-16,2.22044604925031e-16,2.22044604925031e-16,2.22044604925031e-16,2.22044604925031e-16,2.22044604925031e-16,2.22044604925031e-16,2.22044604925031e-16
2.22044604925031e-16,2.22044604925031e-16,2.22044604925031e-16,2.22044604925031e-16,2.22044604925031e-16,2.22044604925031e-16,2.22044604925031e-16,2.22044604925031e-16,2.22044604925031e-16,2.22044604925031e-16,2.22044604925031e-16,2.22044604925031e-16,2.22044604925031e-16,2.22044604925031e-16,2.22044604925031e-16,2.22044604925031e-16,2.22044604925031e-16,2.22044604925031e-16,2.22044604925031e-16,2.22044604925031e-16,2.22044604925031e-16,2.22044604925031e-16,2.22044604925031e-16,2.22044604925031e-16,2.22044604925031e-16,2.22044604925031e-16,2.22044604925031e-16,2.22044604925031e-16,2.22044604925031e-16,2.22044604925031e-16,2.22044604925031e-16,2.22044604925031e-16,2.22044604925031e-16,2.22044604925031e-16,1.22807017542296,2.0370370370111,2.64150943392863,2.89156626502342,2.8813559321667,2.9824561403129,3.05389221552998,3.01775147925152,2.96511627903201,1.80722891563964,1.0909090908952,0.555555555548482,0.196078431370053,2.22044604925031e-16,2.22044604925031e-16,2.22044604925031e-16,2.22044604925031e-16,2.22044604925031e-16,2.22044604925031e-16,2.22044604925031e-16,2.22044604925031e-16,2.22044604925031e-16,2.22044604925031e-16,2.22044604925031e-16,2.22044604925031e-16,2.22044604925031e-16,2.22044604925031e-16,2.22044604925031e-16,2.22044604925031e-16,2.22044604925031e-16,2.22044604925031e-16,2.22044604925031e-16,2.22044604925031e-16,2.22044604925031e-16,2.22044604925031e-16,2.22044604925031e-16,2.22044604925031e-16
2.22044604925031e-16,2.22044604925031e-16,2.22044604925031e-16,2.22044604925031e-16,2.22044604925031e-16,2.22044604925031e-16,2.22044604925031e-16,2.22044604925031e-16,2.22044604925031e-16,2.22044604925031e-16,2.22044604925031e-16,2.22044604925031e-16,2.22044604925031e-16,2.22044604925031e-16,2.22044604925031e-16,2.22044604925031e-16,2.22044604925031e-16,2.22044604925031e-16,2.22044604925031e-16,0.146341463412771,0.1363636363619,0.140845070420742,0.141509433960463,0.140186915886066,0.143540669854632,0.144230769228933,0.146341463412771,0.144927536230039,2.22044604925031e-16,2.22044604925031e-16,2.22044604925031e-16,2.22044604925031e-16,2.22044604925031e-16,2.22044604925031e-16,2.22044604925031e-16,2.22044604925031e-16,2.22044604925031e-16,2.22044604925031e-16,2.22044604925031e-16,2.22044604925031e-16,2.22044604925031e-16,0.177514792897148,0.348837209297884,0.361445783127928,1.6363636363428,5.37037037030199,8.43137254891225,12.4832214763511,16.0273972600699,21.3669064745481,24.461538461227,28.7903225802786,30.5084745758827,29.743589743211,25.7894736838822,22.7678571425672,16.2096774191484,11.7692307690809,7.96874999989854,6.1832061067915,2.80575539564773,2.93706293702554,2.62773722624391,2.25563909771564,1.95652173910552,1.7910447760966,1.77777777775514,0.833333333322723,0.416666666661362,2.22044604925031e-16,2.22044604925031e-16
2.22044604925031e-16,2.22044604925031e-16,2.22044604925031e-16,2.22044604925031e-16,2.22044604925031e-16,2.22044604925031e-16,2.22044604925031e-16,2.22044604925031e-16,2.22044604925031e-16,0.413793103443007,0.422535211262226,0.459770114936675,0.463320463314564,0.485829959507984,0.51502145922091,0.655021834052795,0.807174887882099,0.769230769220975,0.281690140841484,0.439024390238313,0.4090909090857,0.422535211262226,0.424528301881387,0.420560747658197,0.287081339709263,0.144230769228933,0.146341463412771,0.144927536230039,2.22044604925031e-16,2.22044604925031e-16,2.22044604925031e-16,2.22044604925031e-16,2.22044604925031e-16,2.22044604925031e-16,2.22044604925031e-16,2.22044604925031e-16,2.22044604925031e-16,2.22044604925031e-16,2.22044604925031e-16,0.175438596488994,0.179640718560587,0.177514792897148,0.174418604648942,0.180722891563964,0.181818181815867,0.185185185182827,0.196078431370053,0.201342281876631,2.22044604925031e-16,2.22044604925031e-16,2.22044604925031e-16,2.22044604925031e-16,2.22044604925031e-16,2.22044604925031e-16,2.22044604925031e-16,2.22044604925031e-16,2.22044604925031e-16,2.22044604925031e-16,2.22044604925031e-16,2.22044604925031e-16,2.22044604925031e-16,2.22044604925031e-16,2.22044604925031e-16,2.22044604925031e-16,2.22044604925031e-16,2.22044604925031e-16,2.22044604925031e-16,2.22044604925031e-16,2.22044604925031e-16,2.22044604925031e-16,2.22044604925031e-16
2.22044604925031e-16,2.22044604925031e-16,2.22044604925031e-16,0.789473684200474,0.694980694971846,0.624999999992042,0.633802816893339,0.620689655164511,0.645161290314366,0.620689655164511,0.739436619708895,0.229885057468337,0.231660231657282,0.121457489876996,0.128755364805228,0.131004366810559,0.13452914798035,0.128205128203496,0.281690140841484,0.146341463412771,0.1363636363619,0.140845070420742,0.141509433960463,0.140186915886066,0.143540669854632,0.144230769228933,0.146341463412771,2.22044604925031e-16,2.22044604925031e-16,2.22044604925031e-16,2.22044604925031e-16,2.22044604925031e-16,2.22044604925031e-16,2.22044604925031e-16,2.22044604925031e-16,2.22044604925031e-16,2.22044604925031e-16,2.22044604925031e-16,2.22044604925031e-16,2.22044604925031e-16,2.22044604925031e-16,2.22044604925031e-16,2.22044604925031e-16,2.22044604925031e-16,2.22044604925031e-16,2.22044604925031e-16,2.22044604925031e-16,2.22044604925031e-16,2.22044604925031e-16,2.22044604925031e-16,2.22044604925031e-16,2.22044604925031e-16,2.22044604925031e-16,2.22044604925031e-16,2.22044604925031e-16,2.22044604925031e-16,2.22044604925031e-16,2.22044604925031e-16,2.22044604925031e-16,2.22044604925031e-16,2.22044604925031e-16,2.22044604925031e-16,2.22044604925031e-16,2.22044604925031e-16,2.22044604925031e-16,2.22044604925031e-16,2.22044604925031e-16,2.22044604925031e-16,2.22044604925031e-16,2.22044604925031e-16,2.22044604925031e-16
22.4999999997135,23.9130434779564,20.8799999997341,17.0526315787302,13.552123551951,11.8749999998488,9.40140845058452,6.82758620680962,4.51612903220056,3.51724137926556,2.11267605631113,1.49425287354419,1.04247104245777,0.485829959507984,0.257510729610455,0.131004366810559,0.2690582959607,0.256410256406992,0.563380281682968,0.585365853651083,0.545454545447601,0.563380281682968,0.56603773584185,0.420560747658197,0.430622009563895,0.288461538457866,0.292682926825542,2.22044604925031e-16,2.22044604925031e-16,2.22044604925031e-16,2.22044604925031e-16,2.22044604925031e-16,2.22044604925031e-16,0.170454545452375,0.701754385955977,1.11111111109696,1.1320754716837,1.08433734938378,1.01694915252942,1.05263157893397,1.07784431136352,1.24260355028004,1.04651162789365,0.542168674691892,0.181818181815867,0.185185185182827,0.196078431370053,0.201342281876631,0.205479452052178,0.215827338126749,2.22044604925031e-16,2.22044604925031e-16,2.22044604925031e-16,2.22044604925031e-16,2.22044604925031e-16,2.22044604925031e-16,2.22044604925031e-16,2.22044604925031e-16,2.22044604925031e-16,2.22044604925031e-16,2.22044604925031e-16,2.22044604925031e-16,2.22044604925031e-16,2.22044604925031e-16,2.22044604925031e-16,2.22044604925031e-16,2.22044604925031e-16,2.22044604925031e-16,2.22044604925031e-16,2.22044604925031e-16,2.22044604925031e-16
2.22044604925031e-16,0.434782608690116,0.719999999990833,0.473684210520285,0.463320463314564,0.520833333326702,0.422535211262226,0.413793103443007,0.645161290314366,0.413793103443007,0.422535211262226,0.459770114936675,0.347490347485923,0.364372469630988,0.257510729610455,0.262008733621118,0.2690582959607,2.22044604925031e-16,2.22044604925031e-16,2.22044604925031e-16,2.22044604925031e-16,2.22044604925031e-16,2.22044604925031e-16,2.22044604925031e-16,2.22044604925031e-16,2.22044604925031e-16,2.22044604925031e-16,2.22044604925031e-16,2.22044604925031e-16,2.22044604925031e-16,2.22044604925031e-16,2.22044604925031e-16,2.22044604925031e-16,2.22044604925031e-16,2.22044604925031e-16,2.22044604925031e-16,2.22044604925031e-16,2.22044604925031e-16,2.22044604925031e-16,2.22044604925031e-16,2.22044604925031e-16,2.22044604925031e-16,2.22044604925031e-16,2.22044604925031e-16,2.22044604925031e-16,2.22044604925031e-16,2.22044604925031e-16,2.22044604925031e-16,2.22044604925031e-16,2.22044604925031e-16,2.22044604925031e-16,2.22044604925031e-16,2.22044604925031e-16,2.22044604925031e-16,2.22044604925031e-16,0.267857142853732,0.241935483867887,0.461538461532585,0.468749999994032,0.458015267169741,3.02158273377448,5.03496503490092,7.22627737217076,10.3759398494919,12.8260869563584,15.4477611938332,16.6666666664545,20.8333333330681,22.0833333330521,16.3157894734765,9.13043478249244
2.22044604925031e-16,2.22044604925031e-16,2.22044604925031e-16,2.22044604925031e-16,2.22044604925031e-16,2.22044604925031e-16,2.22044604925031e-16,2.22044604925031e-16,2.22044604925031e-16,0.206896551721504,0.739436619708895,1.37931034481002,3.24324324320195,4.73684210520284,6.43776824026137,7.3362445413913,7.80269058286029,7.56410256400625,8.02816901398229,7.60975609746408,6.4090909090093,4.366197183043,2.83018867920925,1.26168224297459,0.430622009563895,0.144230769228933,2.22044604925031e-16,2.22044604925031e-16,2.22044604925031e-16,2.22044604925031e-16,2.22044604925031e-16,2.22044604925031e-16,2.22044604925031e-16,2.22044604925031e-16,2.22044604925031e-16,2.22044604925031e-16,2.22044604925031e-16,2.22044604925031e-16,2.22044604925031e-16,2.22044604925031e-16,2.22044604925031e-16,2.22044604925031e-16,2.22044604925031e-16,2.22044604925031e-16,2.22044604925031e-16,2.22044604925031e-16,2.22044604925031e-16,2.22044604925031e-16,2.22044604925031e-16,2.22044604925031e-16,2.22044604925031e-16,2.22044604925031e-16,2.22044604925031e-16,2.22044604925031e-16,2.22044604925031e-16,2.22044604925031e-16,2.22044604925031e-16,2.22044604925031e-16,2.22044604925031e-16,2.22044604925031e-16,2.22044604925031e-16,2.22044604925031e-16,2.22044604925031e-16,2.22044604925031e-16,2.22044604925031e-16,2.22044604925031e-16,2.22044604925031e-16,2.22044604925031e-16,2.22044604925031e-16,2.22044604925031e-16,2.22044604925031e-16
2.22044604925031e-16,2.22044604925031e-16,2.22044604925031e-16,2.22044604925031e-16,2.22044604925031e-16,2.22044604925031e-16,2.22044604925031e-16,2.22044604925031e-16,2.22044604925031e-16,2.22044604925031e-16,2.22044604925031e-16,2.22044604925031e-16,2.22044604925031e-16,2.22044604925031e-16,2.22044604925031e-16,2.22044604925031e-16,2.22044604925031e-16,2.22044604925031e-16,2.22044604925031e-16,2.22044604925031e-16,2.22044604925031e-16,2.22044604925031e-16,2.22044604925031e-16,2.22044604925031e-16,2.22044604925031e-16,0.865384615373597,2.4878048780171,4.20289855067112,4.92537313426565,5.43956043949118,5.70652173905778,5.9999999999236,6.2011173183568,6.30681818173788,5.43859649115882,3.70370370365655,1.50943396224493,0.722891566255856,0.677966101686283,0.350877192977989,2.22044604925031e-16,2.22044604925031e-16,2.22044604925031e-16,2.22044604925031e-16,2.22044604925031e-16,2.22044604925031e-16,2.22044604925031e-16,2.22044604925031e-16,2.22044604925031e-16,0.215827338126749,0.461538461532585,0.483870967735775,0.508474576264712,0.512820512813983,0.789473684200474,0.803571428561197,0.725806451603662,0.692307692298877,0.468749999994032,0.229007633584871,0.215827338126749,0.209790209787539,0.218978102186993,2.22044604925031e-16,2.22044604925031e-16,2.22044604925031e-16,2.22044604925031e-16,2.22044604925031e-16,2.22044604925031e-16,2.22044604925031e-16,2.22044604925031e-16